"","pathway","pval","padj","log2err","ES","NES","size","leadingEdge"
"1","KEGG_ABC_TRANSPORTERS",0.840122199592668,0.940954965975992,0.0210730272985761,0.358376328783197,0.760972209783498,15,